source,reference,title,status,solicitation,naics,link,tags,insights,swot,news_impacts
SAM.gov,c2ab953e4aef440ba14476d6fedad159,VIPR I-BPA for Incident Base Unit for Region 5 - Pacific Southwest Region ONLY,Published,12569R25Q7004,['115310'],https://sam.gov/opp/c2ab953e4aef440ba14476d6fedad159/view,government procurement; amendment 0004; generators; portable power systems; payment terms,"1. Top Level Summary:
The government procurement solicitation has been re-opened via Amendment 0004 to allow corrective action and incorporate revised language changes across multiple sections related to the scope of agreement, specifically focusing on generators/portable power systems and payment terms. The updated submission deadline for proposals is July 15, 2025, at 1300 PDT.

2. Timeline to Accomplish Requirements:
- Immediate review of amendment details and revised solicitation language upon release.
- Preparation and incorporation of required proposal modifications following revisions.
- Internal review and quality assurance of proposal documents.
- Final submission of proposals by July 15, 2025, 1300 PDT.

3. Estimated Valuation of the Contract:
The exact contract valuation is not provided in the extracted information. However, given the focus on generators and portable power systems along with payment rate adjustments, the contract is likely to be a mid-to-large scale government procurement, potentially ranging from several hundred thousand to multiple millions of dollars depending on scope and duration.

4. Action Plan with Estimated Man-Hours:
- Amendment Review and Analysis: 8-12 hours  
  (Detailed review of all revised sections and impact assessment)  
- Proposal Update and Preparation: 40-60 hours  
  (Technical, pricing, and compliance adjustments to reflect amendment changes)  
- Internal Coordination and Quality Control: 16-20 hours  
  (Team meetings, legal and financial reviews, final revisions)  
- Final Compilation and Submission: 4-6 hours  
  (Assembling documents, compliance check, electronic submission)  

Total Estimated Man-Hours: Approximately 70-98 hours

This plan assumes a multidisciplinary team including contract specialists, technical experts on power systems, pricing analysts, and legal reviewers to ensure full compliance and competitive proposal development.","Certainly. Here is a SWOT analysis tailored to Bridger Aerospace’s positioning relative to the amended solicitation focused on generators/portable power systems and payment terms:

**Strengths:**  
- Established federal wildfire response experience and trusted past performance with U.S. Forest Service and other agencies, lending credibility to government contracting.  
- Core competency in rapid aerial firefighting operations with a specialized amphibious CL-415EAF fleet, demonstrating operational excellence in mission-critical environments.  
- Proven capability in high-tempo, repeatable missions that require rapid deployment and precision, aligning with government needs for scalable, reliable services.  
- Commercial operator model aligns with government preferences for contracted aviation services in permissive, civil environments, supporting compliance and ease of integration.  
- Strong operational expertise in disaster response and humanitarian missions indicates flexibility and relevance to broader government emergency contracts.

**Weaknesses:**  
- The solicitation’s focus on generators/portable power systems is outside Bridger Aerospace’s described core competencies and fleet capabilities, potentially requiring partnerships or subcontracting.  
- Limited or no direct experience detailed in power systems procurement or operation may reduce competitiveness on technical compliance or pricing aspects related to this scope.  
- Potential resource strain due to extensive internal review and proposal preparation hours (70-98 hours), which may impact other operational priorities during wildfire season.  
- Unclear contract valuation and scope may complicate precise cost modeling and risk assessment for pricing proposals.

**Opportunities:**  
- Amendment reopening offers a renewed chance to address prior deficiencies or gaps in the proposal, improving competitiveness by incorporating revised solicitation language.  
- Potential to leverage existing government relationships and reputation in emergency aviation to position Bridger Aerospace as a prime contractor or key subcontractor in integrated disaster response contracts that include power systems.  
- Opportunity to expand service offerings by integrating portable power solutions via partnerships, thereby broadening the company’s government contract portfolio.  
- The focus on payment terms and exceptions may allow for negotiation or alignment with Bridger’s commercial contracting models to improve cash flow and financial risk management.

**Threats:**  
- Increased competition from specialized contractors with direct expertise in generators and portable power systems could marginalize Bridger’s proposal if technical compliance is insufficient.  
- Amendments to payment rates and exceptions may introduce financial risks or unfavorable terms if not carefully managed in proposal pricing and contract negotiations.  
- Tight submission timeline post-amendment could lead to rushed proposal updates, risking errors or incomplete compliance.  
- Potential for scope creep or mismatched expectations if Bridger pursues contracts outside its core aerial firefighting capabilities without adequate technical support.

---

Overall, Bridger Aerospace’s strong firefighting aviation capabilities and government contracting experience provide a solid foundation, but the solicitation’s new emphasis on generators and power systems represents a potential gap that must be strategically addressed through partnerships or expanded expertise to ensure a competitive and compliant proposal.",
SAM.gov,720b6bfa9f52478587ea1a9fa0c60903,VIPR I-BPA for Incident Base Unit for Region 5 - Pacific Southwest Region ONLY,Published,12569R25Q7004,['115310'],https://sam.gov/opp/720b6bfa9f52478587ea1a9fa0c60903/view,Incident Base Unit; Wildland Fire Suppression; Pacific Southwest Region; Small Business Set-Aside; Virtual Incident Procurement (VIPR),"1. Top Level Summary:
The USDA Forest Service West Zone ESB Region 5 is soliciting quotes for Incident Base Units specifically for the Pacific Southwest Region (Region 5). These units will support local to nationwide fire suppression, all-hazard incidents, and prescribed fire projects. Contractors must provide fully equipped, staffed, and managed units meeting or exceeding specifications, including transportation and lodging. The contract supports multiple agencies optionally and will be competitively awarded as multiple preseason Incident Blanket Purchase Agreements (I-BPAs), primarily set aside for small businesses. The solicitation and all communications will be conducted electronically via the Virtual Incident Procurement (VIPR) system.

2. Timeline to Accomplish Requirements:
- Pre-solicitation Preparation: Ensure all vendor registrations (SAM, UEI, Login.gov, VIPR account) are complete – 2 to 4 weeks before solicitation release.
- Solicitation Release & Quote Submission: Once RFQ is issued via VIPR, vendors submit electronic quotes – typical RFQ response period 2 to 4 weeks.
- Evaluation and Award: USFS evaluates quotes, awards multiple I-BPAs prior to fire season – approximately 4 to 6 weeks after quote deadline.
- Contract Period: Incident Base Units activated as needed throughout the fire season and all-hazard incident response window, typically spanning spring through fall (6 to 9 months).
- Annual Review & On-Ramping: Contracting Officer annual review for adding resources – occurs once per year post initial award.

3. Estimated Valuation of the Contract:
- The solicitation pricing is based on 16-hour daily shifts with rates covering all personnel, equipment, lodging, and transportation.
- While exact quantities are not provided, Region 5 covers a large fire-prone area; typical Incident Base Unit contracts may range from $500,000 to $2,000,000+ annually depending on unit size and incident demand.
- Multiple awards indicate aggregate contract valuation could exceed several million dollars regionally.

4. Action Plan with Estimated Man-Hours:
a) Pre-solicitation phase (20-40 hours):
   - Register and verify SAM, UEI, Login.gov, and VIPR accounts (10-15 hours)
   - Review solicitation once released, analyze Section D.2 equipment/personnel specs (10-15 hours)
   - Prepare pricing and technical quote documents (10 hours)

b) Quote Submission phase (10-15 hours):
   - Populate VIPR system with required data and upload documentation (5-8 hours)
   - Respond to any clarifications or negotiations (5-7 hours)

c) Mobilization phase post-award (40-80 hours):
   - Procure/prepare equipment and materials (20-30 hours)
   - Recruit, train, and certify personnel to meet contract specs (20-40 hours)
   - Arrange logistics: transportation schedules, lodging, dispatch coordination (10-15 hours)

d) Incident Support phase (variable; example estimate for 6-month fire season):
   - Daily operation management and personnel supervision (~2-4 hours daily per manager)
   - Maintenance and resupply (~4-8 hours weekly)
   - Estimated total for 6 months (180 days): 360-720 hours for management personnel

e) Reporting and Contract Compliance (20-40 hours):
   - Incident documentation and invoicing (10-20 hours)
   - Performance review and updates for annual on-ramping consideration (10-20 hours)

Overall, initial setup and quote preparation require approximately 60-90 man-hours, with ongoing operational man-hours dependent on incident frequency and contract utilization.","Certainly. Here is a SWOT analysis for Bridger Aerospace in pursuing the USDA Forest Service Region 5 Incident Base Unit solicitation:

**Strengths:**
- Specialized core competence in aerial firefighting, particularly amphibious water-scooping CL-415EAF aircraft, enabling rapid, repeatable water drops crucial for wildfire suppression.
- Demonstrated past performance with federal wildfire response, including U.S. Forest Service task orders, evidencing operational reliability and strong coordination with incident command.
- Purpose-built fleet and operational expertise in low-altitude precision delivery add unique tactical value for structure defense and urban-interface fires within Region 5.
- Commercial operator model aligns well with government contracted aviation needs; scalable and adaptable to permissive environments.
- Headquartered in Montana, relatively proximate to the Pacific Southwest Region, allowing potentially lower mobilization and travel costs.
- Experience supporting multi-agency missions (disaster relief, humanitarian assistance) aligns well with interagency cooperative use clauses.

**Weaknesses:**
- Bridger Aerospace’s specialization in aerial assets may not directly address the full scope of Incident Base Unit responsibilities, which include comprehensive ground equipment, lodging, transportation, and personnel management.
- Potential lack of existing infrastructure or resources physically located within Region 5 dispatch zones could affect responsiveness and add travel costs, risking failure to meet government’s critical timely needs.
- If Bridger is not registered as a small business or lacks socioeconomic status advantages, it may be disadvantaged due to the solicitation’s small business set-aside and DPL ranking considerations.
- The company may need to invest significant man-hours into non-core logistics and administrative functions required by the Incident Base Unit contract, possibly diverting focus from core aerial mission capabilities.

**Opportunities:**
- Expansion into Incident Base Unit provisioning diversifies Bridger’s government contracting portfolio beyond aerial firefighting assets alone.
- The multi-award structure and annual on-ramping process provide opportunities for incremental growth and increased contract volume over time.
- Leveraging existing strong relationships with USFS and other agencies could enhance competitive positioning and facilitate smoother contract performance.
- Participation in Region 5 contracts could serve as a foothold for future bids in other regions or multi-region contracts.
- The use of the electronic VIPR procurement system streamlines submission and communication, potentially facilitating efficient proposal development and contract management.

**Threats:**
- Highly competitive solicitation with multiple awards and small business set-aside may limit Bridger’s ability to win or retain a contract without meeting socioeconomic criteria.
- The broad scope of Incident Base Unit requirements means that competitors with more comprehensive ground and logistical capabilities or local presence may have an advantage.
- Uncertainty in fire season demand and incident locations could result in underutilization of resources or logistical inefficiencies if dispatch center selection is suboptimal.
- Changes in government budget, policy, or contracting priorities could reduce future contract volumes or modify terms unfavorable to Bridger.
- Reliance on electronic systems (VIPR, SAM, Login.gov) introduces administrative risks if registrations or submissions are delayed or encounter technical issues.

---

This SWOT highlights Bridger Aerospace’s strong aerial firefighting capabilities and relevant government experience as key strengths, while identifying gaps in ground logistics and geographic positioning as potential weaknesses. Opportunities exist to expand government contracting scope and leverage multi-agency missions, but competition, socioeconomic set-asides, and logistical challenges present notable threats to bid success. Bridger should weigh these factors carefully when preparing its bid strategy.",
SAM.gov,cf1b718898a84469b5194faafa4f4999,VIPR I-BPA for Incident Base Unit for Region 5 ONLY - Pacific Southwest Region,Published,12569R25Q7000,['115310'],https://sam.gov/opp/cf1b718898a84469b5194faafa4f4999/view,Incident Base Units; Solicitation Cancellation; Region 5; Revised Solicitation; USDA Contract,"1. Top Level Summary:
The solicitation for Incident Base Units in Region 5, originally issued on March 6, 2025 (Solicitation #12569R25Q7000), has been canceled as of March 27, 2025, due to solicitation defects. The solicitation will be reissued in a revised form. All previously submitted offers are void.

2. Timeline to Accomplish Requirements:
- Current solicitation canceled immediately as of 03/27/2025.
- Revised solicitation expected to be issued at a future date (not yet announced).
- Timeline for proposal submission, evaluation, and contract award will depend on the release date of the revised solicitation.

3. Estimated Contract Valuation:
- No valuation can be estimated at this time due to cancellation and lack of details in the current solicitation.

4. Action Plan with Estimated Man-Hours:
- Monitor communications from the Contracting Officer (RaShauna Workman) for the release of the revised solicitation.
- Review and analyze the revised solicitation upon release.
- Prepare and submit a compliant bid in response to the revised solicitation.
- Estimated man-hours: 
   * Monitoring and communication: 2 hours/week until revised solicitation release.
   * Solicitation review and bid preparation: 40-60 hours (depending on complexity).
   * Submission and follow-up: 5-10 hours.

Total estimated man-hours: Approximately 50-70 hours, adjustable based on revised solicitation scope and requirements.","**SWOT Analysis for Bridger Aerospace Regarding Incident Base Units - Region 5 Solicitation**

**Strengths:**
- Specialized, purpose-built fleet of CL-415EAF amphibious aircraft optimized for rapid water scooping and high-tempo firefighting sorties, offering a unique operational capability.
- Proven track record with U.S. federal wildfire response, including coordination with federal and state agencies, demonstrating reliability and operational excellence.
- Expertise in low-altitude precision aerial delivery, structure defense, and urban-interface fire suppression, aligning well with incident base unit operational support.
- Commercial operator model fits government contracting preferences for scalable, contracted aviation services in permissive environments.
- Experience in disaster response and emergency aviation aligns with potential expanded mission sets for incident base units.

**Weaknesses:**
- Current solicitation cancellation introduces uncertainty and delays, potentially impacting momentum and resource allocation for bid preparation.
- Lack of concrete contract valuation and detailed requirements at this stage limits precise bid strategy formulation.
- Man-hour investment for bid preparation is significant without guaranteed solicitation terms or award, posing resource risk.

**Opportunities:**
- Revised solicitation expected, providing a chance to refine and tailor a competitive proposal based on lessons learned from the initial solicitation.
- Ability to leverage unique aerial firefighting capabilities to offer value-added services beyond standard incident base unit support, potentially differentiating the bid.
- Strengthening relationships with federal agencies through engagement with the contracting officer and proactive communication could improve competitive positioning.
- Potential to expand footprint in Region 5 wildfire response operations, enhancing presence in a key geographic area.

**Threats:**
- Competition from other established aerial firefighting and incident support contractors who may also adapt quickly to the revised solicitation.
- Further delays or changes in solicitation requirements could increase uncertainty and resource strain.
- Possible changes in federal budget allocations or wildfire management priorities impacting contract size or scope.
- Solicitation defects may reflect complex or evolving government requirements, increasing proposal complexity and risk of non-compliance.

---

**Summary:** Bridger Aerospace’s specialized capabilities and proven federal wildfire support position it strongly for the reissued Incident Base Units solicitation in Region 5. However, current solicitation cancellation introduces uncertainty requiring vigilant monitoring and flexible bid preparation. Proactive engagement and leveraging unique strengths will be key to capitalizing on this opportunity amid competitive and procedural challenges.",
SAM.gov,0cee47ea13364451bd0aa1c0df97a231,VIPR I-BPA for Incident Base Unit for Region 5 ONLY - Pacific Southwest Region,Published,12569R25Q7000,['115310'],https://sam.gov/opp/0cee47ea13364451bd0aa1c0df97a231/view,USFS Region 5 Incident Base Unit; fire suppression services; all-hazard response; Small Business set-aside; VIPR procurement system,"1. Top Level Summary:
The US Forest Service (USFS) West Zone ESB Region 5 plans to solicit quotes for Incident Base Units exclusively for the Pacific Southwest Region (Region 5). These units will support local, regional, and national fire suppression, all-hazard incidents, and prescribed fire projects. Contractors must provide all equipment, materials, supplies, transportation, lodging, and certified personnel to meet or exceed agreement specifications. The contracts may be used by interagency partners subject to their payment terms. Awards will be made competitively via the VIPR system under a Small Business set-aside, with multiple preseason Incident Blanket Purchase Agreements (I-BPAs) planned. Vendors must select dispatch centers close to their resource locations to optimize response times and costs.

2. Timeline to Accomplish Requirements:
- Solicitation issuance: Upon finalization, details via VIPR system.
- Quote submission: As per solicitation schedule through VIPR (usually within weeks of solicitation release).
- Contract award: Preseason, prior to peak fire season (likely early spring).
- Contract performance period: Typically covers the fire season and RX project periods, approximately several months (spring through fall).
- Annual Contracting Officer review: Determines open season on-ramping and potential addition of contractors/resources (likely annually before next season).
- Ongoing incident response: On-demand during contract period based on incidents.

3. Estimated Valuation of the Contract:
- Exact total valuation is not specified in the information provided.
- Pricing is based on 16-hour daily shifts including all costs (equipment, personnel, travel, lodging).
- Multiple I-BPAs will be awarded, suggesting a multi-million dollar cumulative value depending on incident frequency and resource usage.
- Vendors should propose rates consistent with comprehensive service provision; government payment will be per rates effective at time of order.

4. Action Plan with Estimated Man-Hours:

| Activity                              | Description                                                      | Estimated Man-Hours |
|-------------------------------------|------------------------------------------------------------------|---------------------|
| Registration & Compliance Setup     | Obtain UEI, SAM registration, Login.gov account, VIPR setup      | 10                  |
| Proposal Preparation                | Review solicitation, prepare quotes including pricing & details | 40                  |
| Technical Documentation             | Compile equipment lists, personnel certifications, SOPs          | 30                  |
| Electronic Submission               | Upload documents, rates, photos in VIPR                          | 5                   |
| Mobilization Planning               | Logistics, transportation, lodging arrangements                   | 20                  |
| Training & Certifications          | Ensure personnel meet certification requirements                 | 50                  |
| Incident Support Staffing           | Provide 16-hr shift coverage during incident activations         | Variable (dependent on incident duration) |
| Contract Management & Reporting     | Ongoing communication, invoicing, compliance reporting           | 15                  |

Total estimated preparatory man-hours (excluding incident response): ~160 hours.

Note: Incident support man-hours will vary widely based on actual call-outs and duration of incidents.

---

Summary: Vendors should prepare for a competitive, comprehensive service contract providing Incident Base Units in Region 5 for fire and all-hazard response. The contract spans the active fire season with possible annual renewals and expansions. Preparation requires compliance registrations, detailed technical and pricing proposals, and readiness to mobilize trained personnel rapidly. The valuation depends on usage, with multiple awards distributed under a Small Business set-aside.","Certainly. Here's a concise yet thorough SWOT analysis for Bridger Aerospace regarding the USDA USFS West Zone ESB Region 5 Incident Base Unit solicitation:

---

**Strengths:**

- **Specialized Core Competency:** Bridger Aerospace operates a purpose-built fleet of amphibious CL-415EAF aircraft optimized for rapid water scooping and high-tempo wildfire suppression, a strong differentiator in aerial firefighting capabilities.
- **Proven Past Performance:** Demonstrated sustained operational success in federal wildfire response, including coordination with USFS and state incident command, indicating reliability and government trust.
- **Operational Expertise:** Skilled in low-altitude precision water delivery, structure defense, and urban-interface firefighting aligned with incident base support needs.
- **Commercial Operator Model:** Experience operating under government contracting models favorable to scalable, flexible aviation services in permissive environments.
- **Geographic Advantage:** Headquartered in Montana with potential proximity to multiple dispatch centers, enhancing rapid deployment capabilities.
- **Compliance Readiness:** Likely to have existing registrations (SAM, UEI, Login.gov) and experience with government electronic procurement platforms, easing proposal submission.

---

**Weaknesses:**

- **Niche Focus on Aerial Firefighting:** The solicitation requires comprehensive Incident Base Units including equipment, personnel, lodging, and logistics beyond aerial firefighting; Bridger’s core strength is in aviation, which may require partnerships or expansion to meet full scope.
- **Potential Scale Limitations:** The contract focuses on Region 5 (Pacific Southwest) while Bridger is headquartered in Montana (Region 1), potentially impacting response times if not positioned near the selected dispatch center.
- **Small Business Set-Aside Competition:** If Bridger is not classified as a Small Business or does not meet socioeconomic status advantages, competitive disadvantage could arise.
- **Lack of Explicit Ground Support Experience:** The solicitation demands comprehensive base unit support (logistics, lodging, certified personnel management) which may be outside Bridger’s primary expertise.

---

**Opportunities:**

- **Multi-Agency Use:** The contract allows interagency use (DOI, NPS, BIA, State), expanding potential task orders and contract value.
- **Annual Open Season On-Ramping:** Opportunities exist to add resources or contractors in future years, allowing Bridger to scale presence over time.
- **Growing Wildfire and All-Hazard Demand:** Increasing frequency and severity of wildfires and disasters elevate the need for rapid incident base support.
- **Leverage Unique Aircraft Capabilities:** Bridger’s rapid water scooping and precision delivery could be positioned as value-add components to incident base operations.
- **Partnerships/Consortiums:** Potential to partner with ground logistics and support service providers to offer a full Incident Base Unit capability.
- **Virtual Incident Procurement (VIPR) System:** Electronic procurement streamlines submissions and communications, favoring experienced government contractors.

---

**Threats:**

- **Competitive Market:** Multiple preseason I-BPAs will be awarded under a Small Business set-aside, increasing competition from small and socioeconomically advantaged firms.
- **Dispatch Center Location Constraints:** Selecting a dispatch center distant from Bridger’s operational bases could reduce competitiveness due to travel time and cost penalties.
- **Variable Incident Demand:** Fire seasons are unpredictable; variability in incident frequency and duration may affect contract utilization and revenue.
- **Administrative Compliance Burden:** Strict registration and electronic communication requirements in VIPR could delay or complicate proposal submission if not proactively managed.
- **Potential Requirement Changes:** Section D.2 equipment and personnel requirements may evolve, necessitating quick adaptability.
- **Budget and Payment Risks:** Use by interagency cooperators depends on their payment terms, potentially affecting cash flow or utilization.

---

**Summary:** Bridger Aerospace’s specialized aerial firefighting assets and proven federal wildfire response performance position it well for the aviation components of the Incident Base Unit solicitation. However, to fully meet the comprehensive base unit requirements, Bridger may need to address ground support capabilities and ensure geographic alignment with Region 5 dispatch centers. Strategic partnerships and leveraging its unique amphibious aircraft will enhance competitiveness amid a Small Business set-aside and multi-award environment. Proactive compliance with registration and VIPR processes is essential to capitalize on this opportunity.",
